{"cameraMode":{"drawMode":0,"name":"Shaded","section":"Shading Mode"},"sceneLighting":true,"audioPlay":false,"sceneViewState":{"m_AlwaysRefresh":false,"showFog":true,"showSkybox":true,"showFlares":true,"showImageEffects":true,"showParticleSystems":true,"showVisualEffectGraphs":true,"m_FxEnabled":true},"in2DMode":false,"pivot":{"x":10.328179359436036,"y":4.370884418487549,"z":19.773757934570314},"rotation":{"x":0.13081151247024537,"y":0.39000406861305239,"z":-0.05607827380299568,"w":0.9097497463226318},"size":3.9469826221466066,"orthographic":false}